"Reference","Qty","Value"
"C1,C2,C3,C4,C5,C7,C8,C9,C10","9","0.1uF"
"C6","1","2.2nF (should be 10-22nF)"
"C11,C12","2","4.7uF"
"C13","1","100nF"
"C14,C16","2","10uF"
"C15,C17","2","22uF"
"D1,D2","2","1N5819"
"D3","1","SM712_SOT23"
"D4","1","LED"
"D5","1","TVS-15V"
"J1","1","Temp4"
"J2,J3","2","Temp1"
"J4","1","Temp3"
"J5","1","GND"
"J7","1","Tach+"
"J8,J14","2","SW_Fan_GND"
"J9","1","O2-sensor"
"J10,J11","2","Conn_01x01_Socket"
"J12","1","A"
"J13","1","B"
"L1","1","4.7uH"
"Q1","1","IRLS3036"
"R1,R2,R3,R4,R6,R7,R10,R16","8","2k"
"R5,R8,R12,R14,R15","5","10k"
"R9","1","22k"
"R11,R17","2","1k"
"R13","1","120"
"R18","1","220"
"TH1","1","Thermistor_NTC"
"TP1","1","3.3V"
"TP2","1","UPDI"
"TP3","1","5V"
"U1","1","MCP6561x-LT"
"U2","1","ATtiny3216-S"
"U3","1","MCP1406-E/SN"
"U4","1","THVD1420D"
"U5","1","AP2115M-3.3TRG1"
"U6","1","AP63205WU"
